id_cliente,limite_adicional
2,Negar
5,Negar
6,Negar
8,Negar
10,Negar
12,Negar
14,Negar
17,Negar
22,Negar
23,Negar
39,Negar
41,Negar
55,Negar
56,Negar
61,Negar
65,Negar
73,Negar
75,Negar
78,Negar
79,Negar
90,Negar
95,Negar
98,Negar
99,Negar
106,Negar
117,Negar
118,Negar
126,Negar
127,Negar
131,Negar
134,Negar
138,Negar
141,Negar
142,Negar
146,Negar
148,Negar
149,Negar
154,Negar
155,Negar
156,Negar
159,Negar
162,Negar
163,Negar
164,Negar
190,Negar
191,Negar
198,Negar
203,Negar
205,Negar
207,Negar
208,Negar
214,Negar
225,Negar
226,Negar
227,Negar
233,Negar
236,Negar
237,Negar
250,Negar
256,Negar
259,Negar
261,Negar
263,Negar
265,Negar
270,Negar
272,Negar
278,Negar
282,Negar
283,Negar
286,Negar
295,Negar
302,Negar
303,Negar
307,Negar
318,Negar
330,Negar
339,Negar
341,Negar
342,Negar
346,Negar
353,Negar
363,Negar
365,Negar
366,Negar
375,Negar
385,Negar
391,Negar
392,Negar
393,Negar
396,Negar
405,Negar
407,Negar
413,Negar
418,Negar
420,Negar
424,Negar
442,Negar
449,Negar
455,Negar
459,Negar
460,Negar
467,Negar
476,Negar
482,Negar
483,Negar
489,Negar
503,Negar
505,Negar
513,Negar
515,Negar
522,Negar
524,Negar
526,Negar
527,Negar
530,Negar
537,Negar
538,Negar
540,Negar
542,Negar
546,Negar
553,Negar
557,Negar
560,Negar
561,Negar
570,Negar
572,Negar
573,Negar
575,Negar
576,Negar
581,Negar
582,Negar
584,Negar
588,Negar
594,Negar
598,Negar
601,Negar
607,Negar
611,Negar
613,Negar
615,Negar
620,Negar
630,Negar
631,Negar
632,Negar
633,Negar
635,Negar
636,Negar
639,Negar
646,Negar
647,Negar
660,Negar
662,Negar
664,Negar
667,Negar
668,Negar
670,Negar
672,Negar
686,Negar
687,Negar
688,Negar
689,Negar
690,Negar
698,Negar
699,Negar
700,Negar
704,Negar
708,Negar
717,Negar
718,Negar
727,Negar
729,Negar
761,Negar
768,Negar
769,Negar
770,Negar
771,Negar
776,Negar
779,Negar
781,Negar
782,Negar
785,Negar
792,Negar
794,Negar
805,Negar
807,Negar
815,Negar
823,Negar
824,Negar
825,Negar
826,Negar
828,Negar
831,Negar
833,Negar
846,Negar
847,Negar
852,Negar
854,Negar
855,Negar
861,Negar
864,Negar
868,Negar
875,Negar
877,Negar
879,Negar
892,Negar
893,Negar
895,Negar
900,Negar
906,Negar
918,Negar
919,Negar
921,Negar
923,Negar
924,Negar
925,Negar
929,Negar
934,Negar
937,Negar
944,Negar
949,Negar
951,Negar
952,Negar
954,Negar
955,Negar
956,Negar
957,Negar
960,Negar
964,Negar
967,Negar
969,Negar
975,Negar
981,Negar
985,Negar
987,Negar
988,Negar
989,Negar
996,Negar
1001,Negar
1008,Negar
1013,Negar
1014,Negar
1016,Negar
1017,Negar
1020,Negar
1022,Negar
1029,Negar
1038,Negar
1041,Negar
1046,Negar
1049,Negar
1051,Negar
1059,Negar
1060,Negar
1061,Negar
1063,Negar
1064,Negar
1066,Negar
1067,Negar
1070,Negar
1073,Negar
1078,Negar
1081,Negar
1082,Negar
1090,Negar
1099,Negar
1101,Negar
1121,Negar
1123,Negar
1125,Negar
1126,Negar
1137,Negar
1139,Negar
1149,Negar
1151,Negar
1155,Negar
1166,Negar
1168,Negar
1170,Negar
1172,Negar
1178,Negar
1180,Negar
1185,Negar
1192,Negar
1199,Negar
1203,Negar
1206,Negar
1215,Negar
1219,Negar
1230,Negar
1240,Negar
1241,Negar
1242,Negar
1247,Negar
1249,Negar
1250,Negar
1253,Negar
1257,Negar
1266,Negar
1267,Negar
1268,Negar
1275,Negar
1277,Negar
1280,Negar
1284,Negar
1287,Negar
1291,Negar
1292,Negar
1297,Negar
1301,Negar
1302,Negar
1305,Negar
1307,Negar
1309,Negar
1313,Negar
1317,Negar
1325,Negar
1332,Negar
1334,Negar
1342,Negar
1343,Negar
1344,Negar
1354,Negar
1366,Negar
1368,Negar
1377,Negar
1378,Negar
1381,Negar
1383,Negar
1387,Negar
1388,Negar
1389,Negar
1390,Negar
1391,Negar
1395,Negar
1404,Negar
1410,Negar
1429,Negar
1432,Negar
1436,Negar
1441,Negar
1443,Negar
1450,Negar
1461,Negar
1467,Negar
1482,Negar
1485,Negar
1496,Negar
1501,Negar
1518,Negar
1522,Negar
1525,Negar
1526,Negar
1529,Negar
1530,Negar
1532,Negar
1538,Negar
1541,Negar
1543,Negar
1550,Negar
1556,Negar
1561,Negar
1572,Negar
1578,Negar
1582,Negar
1586,Negar
1592,Negar
1605,Negar
1606,Negar
1608,Negar
1620,Negar
1623,Negar
1626,Negar
1634,Negar
1637,Negar
1639,Negar
1640,Negar
1641,Negar
1646,Negar
1647,Negar
1649,Negar
1652,Negar
1654,Negar
1664,Negar
1665,Negar
1668,Negar
1669,Negar
1675,Negar
1679,Negar
1680,Negar
1683,Negar
1686,Negar
1687,Negar
1688,Negar
1690,Negar
1694,Negar
1705,Negar
1708,Negar
1710,Negar
1713,Negar
1716,Negar
1725,Negar
1728,Negar
1734,Negar
1735,Negar
1736,Negar
1743,Negar
1750,Negar
1751,Negar
1754,Negar
1758,Negar
1760,Negar
1762,Negar
1763,Negar
1764,Negar
1772,Negar
1779,Negar
1788,Negar
1793,Negar
1797,Negar
1799,Negar
1803,Negar
1805,Negar
1811,Negar
1817,Negar
1824,Negar
1827,Negar
1828,Negar
1829,Negar
1839,Negar
1842,Negar
1844,Negar
1853,Negar
1854,Negar
1855,Negar
1866,Negar
1869,Negar
1876,Negar
1885,Negar
1888,Negar
1896,Negar
1899,Negar
1900,Negar
1901,Negar
1907,Negar
1909,Negar
1914,Negar
1918,Negar
1926,Negar
1928,Negar
1930,Negar
1931,Negar
1932,Negar
1934,Negar
1939,Negar
1940,Negar
1950,Negar
1959,Negar
1960,Negar
1961,Negar
1968,Negar
1970,Negar
1971,Negar
1975,Negar
1977,Negar
1981,Negar
1987,Negar
1991,Negar
1995,Negar
1998,Negar
1999,Negar
2001,Negar
2011,Negar
2015,Negar
2024,Negar
2027,Negar
2028,Negar
2033,Negar
2034,Negar
2044,Negar
2045,Negar
2048,Negar
2049,Negar
2050,Negar
2051,Negar
2052,Negar
2057,Negar
2061,Negar
2063,Negar
2065,Negar
2066,Negar
2067,Negar
2072,Negar
2075,Negar
2080,Negar
2083,Negar
2091,Negar
2097,Negar
2098,Negar
2106,Negar
2107,Negar
2114,Negar
2117,Negar
2121,Negar
2126,Negar
2137,Negar
2138,Negar
2140,Negar
2142,Negar
2144,Negar
2157,Negar
2160,Negar
2161,Negar
2163,Negar
2172,Negar
2180,Negar
2181,Negar
2191,Negar
2193,Negar
2194,Negar
2197,Negar
2199,Negar
2201,Negar
2204,Negar
2205,Negar
2206,Negar
2220,Negar
2244,Negar
2248,Negar
2256,Negar
2266,Negar
2275,Negar
2279,Negar
2280,Negar
2286,Negar
2290,Negar
2294,Negar
2298,Negar
2308,Negar
2323,Negar
2325,Negar
2327,Negar
2328,Negar
2337,Negar
2344,Negar
2350,Negar
2354,Negar
2356,Negar
2357,Negar
2360,Negar
2362,Negar
2366,Negar
2369,Negar
2372,Negar
2377,Negar
2383,Negar
2384,Negar
2386,Negar
2394,Negar
2397,Negar
2404,Negar
2409,Negar
2420,Negar
2422,Negar
2427,Negar
2428,Negar
2429,Negar
2431,Negar
2434,Negar
2444,Negar
2455,Negar
2461,Negar
2462,Negar
2467,Negar
2470,Negar
2473,Negar
2476,Negar
2480,Negar
2483,Negar
2490,Negar
2492,Negar
2494,Negar
2495,Negar
2497,Negar
2503,Negar
2505,Negar
2512,Negar
2521,Negar
2530,Negar
2531,Negar
2539,Negar
2540,Negar
2542,Negar
2548,Negar
2552,Negar
2556,Negar
2558,Negar
2559,Negar
2561,Negar
2564,Negar
2569,Negar
2574,Negar
2591,Negar
2592,Negar
2594,Negar
2598,Negar
2600,Negar
2605,Negar
2611,Negar
2613,Negar
2633,Negar
2635,Negar
2636,Negar
2644,Negar
2646,Negar
2650,Negar
2660,Negar
2666,Negar
2668,Negar
2673,Negar
2675,Negar
2680,Negar
2682,Negar
2694,Negar
2696,Negar
2704,Negar
2709,Negar
2712,Negar
2713,Negar
2714,Negar
2718,Negar
2720,Negar
2721,Negar
2724,Negar
2732,Negar
2734,Negar
2735,Negar
2737,Negar
2739,Negar
2740,Negar
2741,Negar
2745,Negar
2746,Negar
2748,Negar
2753,Negar
2758,Negar
2769,Negar
2773,Negar
2780,Negar
2783,Negar
2786,Negar
2787,Negar
2791,Negar
2798,Negar
2807,Negar
2809,Negar
2811,Negar
2812,Negar
2815,Negar
2818,Negar
2823,Negar
2825,Negar
2833,Negar
2839,Negar
2840,Negar
2845,Negar
2850,Negar
2853,Negar
2864,Negar
2867,Negar
2870,Negar
2872,Negar
2873,Negar
2876,Negar
2879,Negar
2892,Negar
2897,Negar
2899,Negar
2912,Negar
2915,Negar
2921,Negar
2924,Negar
2932,Negar
2947,Negar
2951,Negar
2959,Negar
2962,Negar
2965,Negar
2968,Negar
2970,Negar
2976,Negar
2977,Negar
2979,Negar
2980,Negar
2984,Negar
2990,Negar
2991,Negar
3005,Negar
3006,Negar
3010,Negar
3021,Negar
3029,Negar
3031,Negar
3037,Negar
3041,Negar
3042,Negar
3043,Negar
3052,Negar
3055,Negar
3057,Negar
3063,Negar
3068,Negar
3073,Negar
3074,Negar
3082,Negar
3084,Negar
3087,Negar
3094,Negar
3098,Negar
3100,Negar
3105,Negar
3109,Negar
3118,Negar
3125,Negar
3138,Negar
3139,Negar
3142,Negar
3145,Negar
3148,Negar
3153,Negar
3156,Negar
3158,Negar
3171,Negar
3174,Negar
3175,Negar
3178,Negar
3179,Negar
3180,Negar
3187,Negar
3192,Negar
3193,Negar
3199,Negar
3201,Negar
3217,Negar
3224,Negar
3225,Negar
3226,Negar
3229,Negar
3231,Negar
3240,Negar
3242,Negar
3243,Negar
3250,Negar
3267,Negar
3268,Negar
3272,Negar
3274,Negar
3292,Negar
3293,Negar
3295,Negar
3301,Negar
3303,Negar
3305,Negar
3311,Negar
3325,Negar
3328,Negar
3331,Negar
3332,Negar
3336,Negar
3343,Negar
3344,Negar
3346,Negar
3349,Negar
3355,Negar
3357,Negar
3369,Negar
3374,Negar
3375,Negar
3377,Negar
3381,Negar
3385,Negar
3386,Negar
3390,Negar
3391,Negar
3392,Negar
3395,Negar
3418,Negar
3420,Negar
3421,Negar
3428,Negar
3431,Negar
3433,Negar
3437,Negar
3441,Negar
3445,Negar
3447,Negar
3452,Negar
3453,Negar
3454,Negar
3457,Negar
3463,Negar
3467,Negar
3472,Negar
3473,Negar
3477,Negar
3487,Negar
3490,Negar
3491,Negar
3494,Negar
3497,Negar
3507,Negar
3508,Negar
3511,Negar
3512,Negar
3518,Negar
3526,Negar
3531,Negar
3532,Negar
3538,Negar
3550,Negar
3554,Negar
3557,Negar
3562,Negar
3565,Negar
3569,Negar
3573,Negar
3580,Negar
3582,Negar
3585,Negar
3587,Negar
3592,Negar
3595,Negar
3597,Negar
3599,Negar
3601,Negar
3605,Negar
3611,Negar
3628,Negar
3630,Negar
3632,Negar
3634,Negar
3637,Negar
3639,Negar
3641,Negar
3645,Negar
3649,Negar
3655,Negar
3666,Negar
3671,Negar
3673,Negar
3675,Negar
3676,Negar
3677,Negar
3684,Negar
3688,Negar
3691,Negar
3696,Negar
3697,Negar
3702,Negar
3710,Negar
3712,Negar
3713,Negar
3714,Negar
3715,Negar
3717,Negar
3720,Negar
3726,Negar
3727,Negar
3728,Negar
3736,Negar
3739,Negar
3742,Negar
3745,Negar
3748,Negar
3749,Negar
3751,Negar
3755,Negar
3757,Negar
3761,Negar
3763,Negar
3764,Negar
3767,Negar
3770,Negar
3776,Negar
3779,Negar
3789,Negar
3798,Negar
3811,Negar
3813,Negar
3815,Negar
3819,Negar
3829,Negar
3831,Negar
3832,Negar
3840,Negar
3841,Negar
3844,Negar
3846,Negar
3851,Negar
3855,Negar
3864,Negar
3865,Negar
3868,Negar
3875,Negar
3877,Negar
3891,Negar
3898,Negar
3901,Negar
3912,Negar
3914,Negar
3921,Negar
3926,Negar
3927,Negar
3931,Negar
3944,Negar
3954,Negar
3960,Negar
3968,Negar
3971,Negar
3973,Negar
3975,Negar
3984,Negar
3988,Negar
3994,Negar
3999,Negar
4001,Negar
4015,Negar
4019,Negar
4022,Negar
4034,Negar
4037,Negar
4038,Negar
4062,Negar
4071,Negar
4080,Negar
4083,Negar
4089,Negar
4091,Negar
4108,Negar
4110,Negar
4115,Negar
4117,Negar
4125,Negar
4134,Negar
4136,Negar
4143,Negar
4144,Negar
4147,Negar
4151,Negar
4159,Negar
4165,Negar
4168,Negar
4172,Negar
4176,Negar
4178,Negar
4179,Negar
4180,Negar
4184,Negar
4187,Negar
4189,Negar
4198,Negar
4200,Negar
4201,Negar
4204,Negar
4207,Negar
4209,Negar
4212,Negar
4213,Negar
4219,Negar
4224,Negar
4226,Negar
4228,Negar
4233,Negar
4235,Negar
4243,Negar
4244,Negar
4250,Negar
4256,Negar
4260,Negar
4261,Negar
4262,Negar
4264,Negar
4269,Negar
4279,Negar
4283,Negar
4284,Negar
4286,Negar
4287,Negar
4290,Negar
4294,Negar
4298,Negar
4301,Negar
4312,Negar
4313,Negar
4325,Negar
4331,Negar
4347,Negar
4350,Negar
4357,Negar
4359,Negar
4361,Negar
4362,Negar
4364,Negar
4365,Negar
4381,Negar
4389,Negar
4390,Negar
4400,Negar
4407,Negar
4414,Negar
4423,Negar
4426,Negar
4427,Negar
4431,Negar
4432,Negar
4433,Negar
4434,Negar
4436,Negar
4438,Negar
4441,Negar
4444,Negar
4446,Negar
4452,Negar
4453,Negar
4466,Negar
4469,Negar
4471,Negar
4474,Negar
4482,Negar
4489,Negar
4492,Negar
4493,Negar
4494,Negar
4495,Negar
4496,Negar
4497,Negar
4498,Negar
4500,Negar
4518,Negar
4525,Negar
4531,Negar
4532,Negar
4544,Negar
4545,Negar
4548,Negar
4549,Negar
4556,Negar
4559,Negar
4567,Negar
4570,Negar
4577,Negar
4579,Negar
4584,Negar
4586,Negar
4593,Negar
4597,Negar
4600,Negar
4612,Negar
4613,Negar
4617,Negar
4622,Negar
4625,Negar
4629,Negar
4633,Negar
4637,Negar
4638,Negar
4643,Negar
4645,Negar
4647,Negar
4649,Negar
4655,Negar
4659,Negar
4663,Negar
4667,Negar
4671,Negar
4674,Negar
4676,Negar
4704,Negar
4714,Negar
4720,Negar
4730,Negar
4733,Negar
4736,Negar
4737,Negar
4738,Negar
4742,Negar
4749,Negar
4753,Negar
4758,Negar
4761,Negar
4778,Negar
4781,Negar
4785,Negar
4789,Negar
4791,Negar
4796,Negar
4799,Negar
4800,Negar
4805,Negar
4806,Negar
4807,Negar
4810,Negar
4812,Negar
4816,Negar
4821,Negar
4832,Negar
4836,Negar
4838,Negar
4840,Negar
4842,Negar
4847,Negar
4850,Negar
4854,Negar
4855,Negar
4859,Negar
4860,Negar
4870,Negar
4874,Negar
4876,Negar
4877,Negar
4883,Negar
4888,Negar
4893,Negar
4894,Negar
4896,Negar
4905,Negar
4910,Negar
4911,Negar
4912,Negar
4918,Negar
4927,Negar
4932,Negar
4941,Negar
4942,Negar
4944,Negar
4945,Negar
4947,Negar
4965,Negar
4967,Negar
4969,Negar
4972,Negar
4974,Negar
4977,Negar
4981,Negar
4999,Negar
5001,Negar
5006,Negar
5011,Negar
5017,Negar
5018,Negar
5030,Negar
5032,Negar
5037,Negar
5044,Negar
5048,Negar
5052,Negar
5053,Negar
5056,Negar
5057,Negar
5064,Negar
5069,Negar
5074,Negar
5076,Negar
5079,Negar
5084,Negar
5085,Negar
5086,Negar
5089,Negar
5094,Negar
5102,Negar
5105,Negar
5106,Negar
5109,Negar
5110,Negar
5111,Negar
5116,Negar
5117,Negar
5123,Negar
5125,Negar
5127,Negar
5133,Negar
5135,Negar
5137,Negar
5143,Negar
5151,Negar
5162,Negar
5173,Negar
5176,Negar
5178,Negar
5179,Negar
5180,Negar
5183,Negar
5189,Negar
5190,Negar
5192,Negar
5204,Negar
5208,Negar
5209,Negar
5223,Negar
5224,Negar
5233,Negar
5234,Negar
5238,Negar
5239,Negar
5241,Negar
5244,Negar
5249,Negar
5250,Negar
5252,Negar
5253,Negar
5257,Negar
5259,Negar
5277,Negar
5281,Negar
5288,Negar
5292,Negar
5294,Negar
5296,Negar
5300,Negar
5302,Negar
5306,Negar
5312,Negar
5316,Negar
5320,Negar
5321,Negar
5331,Negar
5335,Negar
5342,Negar
5343,Negar
5344,Negar
5347,Negar
5348,Negar
5349,Negar
5353,Negar
5371,Negar
5374,Negar
5375,Negar
5384,Negar
5388,Negar
5391,Negar
5393,Negar
5394,Negar
5395,Negar
5402,Negar
5409,Negar
5414,Negar
5416,Negar
5417,Negar
5421,Negar
5424,Negar
5430,Negar
5433,Negar
5434,Negar
5436,Negar
5440,Negar
5443,Negar
5446,Negar
5449,Negar
5450,Negar
5451,Negar
5464,Negar
5469,Negar
5470,Negar
5473,Negar
5476,Negar
5487,Negar
5491,Negar
5496,Negar
5511,Negar
5531,Negar
5535,Negar
5536,Negar
5537,Negar
5540,Negar
5542,Negar
5543,Negar
5544,Negar
5547,Negar
5549,Negar
5561,Negar
5566,Negar
5568,Negar
5570,Negar
5576,Negar
5579,Negar
5586,Negar
5589,Negar
5592,Negar
5593,Negar
5597,Negar
5601,Negar
5605,Negar
5608,Negar
5619,Negar
5620,Negar
5623,Negar
5625,Negar
5626,Negar
5627,Negar
5632,Negar
5645,Negar
5646,Negar
5656,Negar
5657,Negar
5659,Negar
5662,Negar
5672,Negar
5676,Negar
5691,Negar
5692,Negar
5694,Negar
5700,Negar
5705,Negar
5714,Negar
5718,Negar
5725,Negar
5727,Negar
5733,Negar
5735,Negar
5743,Negar
5746,Negar
5751,Negar
5753,Negar
5758,Negar
5760,Negar
5761,Negar
5766,Negar
5773,Negar
5775,Negar
5777,Negar
5778,Negar
5780,Negar
5783,Negar
5785,Negar
5789,Negar
5792,Negar
5797,Negar
5798,Negar
5802,Negar
5812,Negar
5828,Negar
5855,Negar
5856,Negar
5865,Negar
5871,Negar
5878,Negar
5879,Negar
5880,Negar
5882,Negar
5888,Negar
5892,Negar
5893,Negar
5896,Negar
5898,Negar
5902,Negar
5907,Negar
5908,Negar
5914,Negar
5916,Negar
5918,Negar
5920,Negar
5926,Negar
5927,Negar
5942,Negar
5947,Negar
5948,Negar
5950,Negar
5952,Negar
5955,Negar
5960,Negar
5963,Negar
5967,Negar
5972,Negar
5976,Negar
5977,Negar
5978,Negar
5979,Negar
5985,Negar
5987,Negar
5989,Negar
5990,Negar
5996,Negar
5998,Negar
6003,Negar
6008,Negar
6013,Negar
6016,Negar
6017,Negar
6020,Negar
6025,Negar
6029,Negar
6032,Negar
6036,Negar
6037,Negar
6039,Negar
6041,Negar
6043,Negar
6048,Negar
6050,Negar
6053,Negar
6060,Negar
6064,Negar
6079,Negar
6083,Negar
6090,Negar
6091,Negar
6098,Negar
6100,Negar
6103,Negar
6116,Negar
6117,Negar
6123,Negar
6133,Negar
6137,Negar
6141,Negar
6143,Negar
6145,Negar
6151,Negar
6155,Negar
6165,Negar
6167,Negar
6169,Negar
6172,Negar
6173,Negar
6184,Negar
6185,Negar
6186,Negar
6191,Negar
6198,Negar
6213,Negar
6229,Negar
6230,Negar
6231,Negar
6234,Negar
6236,Negar
6237,Negar
6239,Negar
6242,Negar
6252,Negar
6255,Negar
6257,Negar
6258,Negar
6263,Negar
6266,Negar
6268,Negar
6270,Negar
6273,Negar
6275,Negar
6277,Negar
6279,Negar
6280,Negar
6284,Negar
6285,Negar
6286,Negar
6288,Negar
6289,Negar
6294,Negar
6295,Negar
6296,Negar
6300,Negar
6304,Negar
6305,Negar
6306,Negar
6314,Negar
6317,Negar
6321,Negar
6328,Negar
6332,Negar
6343,Negar
6345,Negar
6354,Negar
6355,Negar
6357,Negar
6360,Negar
6363,Negar
6369,Negar
6371,Negar
6372,Negar
6375,Negar
6377,Negar
6382,Negar
6397,Negar
6398,Negar
6403,Negar
6405,Negar
6407,Negar
6412,Negar
6414,Negar
6417,Negar
6421,Negar
6431,Negar
6440,Negar
6442,Negar
6446,Negar
6447,Negar
6451,Negar
6457,Negar
6458,Negar
6468,Negar
6470,Negar
6472,Negar
6478,Negar
6485,Negar
6489,Negar
6491,Negar
6494,Negar
6507,Negar
6510,Negar
6512,Negar
6515,Negar
6520,Negar
6526,Negar
6528,Negar
6529,Negar
6531,Negar
6541,Negar
6542,Negar
6543,Negar
6545,Negar
6547,Negar
6549,Negar
6550,Negar
6564,Negar
6566,Negar
6567,Negar
6571,Negar
6574,Negar
6580,Negar
6586,Negar
6589,Negar
6601,Negar
6603,Negar
6610,Negar
6611,Negar
6613,Negar
6615,Negar
6617,Negar
6618,Negar
6620,Negar
6630,Negar
6634,Negar
6636,Negar
6639,Negar
6641,Negar
6644,Negar
6645,Negar
6646,Negar
6653,Negar
6656,Negar
6657,Negar
6660,Negar
6666,Negar
6668,Negar
6669,Negar
6675,Negar
6676,Negar
6678,Negar
6695,Negar
6702,Negar
6705,Negar
6710,Negar
6711,Negar
6722,Negar
6723,Negar
6732,Negar
6733,Negar
6737,Negar
6738,Negar
6739,Negar
6745,Negar
6749,Negar
6764,Negar
6765,Negar
6767,Negar
6768,Negar
6771,Negar
6777,Negar
6778,Negar
6781,Negar
6784,Negar
6788,Negar
6789,Negar
6794,Negar
6800,Negar
6802,Negar
6807,Negar
6808,Negar
6810,Negar
6813,Negar
6814,Negar
6817,Negar
6820,Negar
6824,Negar
6834,Negar
6842,Negar
6853,Negar
6864,Negar
6869,Negar
6870,Negar
6874,Negar
6882,Negar
6883,Negar
6892,Negar
6893,Negar
6894,Negar
6895,Negar
6896,Negar
6899,Negar
6901,Negar
6906,Negar
6908,Negar
6911,Negar
6918,Negar
6925,Negar
6929,Negar
6937,Negar
6938,Negar
6939,Negar
6942,Negar
6944,Negar
6945,Negar
6950,Negar
6961,Negar
6967,Negar
6971,Negar
6972,Negar
6980,Negar
6981,Negar
6982,Negar
6986,Negar
6987,Negar
6989,Negar
6997,Negar
7000,Negar
7001,Negar
7003,Negar
7004,Negar
7005,Negar
7006,Negar
7010,Negar
7011,Negar
7015,Negar
7023,Negar
7027,Negar
7028,Negar
7030,Negar
7032,Negar
7036,Negar
7042,Negar
7044,Negar
7046,Negar
7053,Negar
7057,Negar
7058,Negar
7060,Negar
7063,Negar
7070,Negar
7080,Negar
7084,Negar
7089,Negar
7097,Negar
7098,Negar
7099,Negar
7100,Negar
7102,Negar
7103,Negar
7113,Negar
7115,Negar
7116,Negar
7118,Negar
7120,Negar
7122,Negar
7124,Negar
7125,Negar
7126,Negar
7127,Negar
7129,Negar
7134,Negar
7138,Negar
7139,Negar
7141,Negar
7142,Negar
7148,Negar
7152,Negar
7155,Negar
7156,Negar
7159,Negar
7165,Negar
7166,Negar
7168,Negar
7176,Negar
7178,Negar
7180,Negar
7184,Negar
7185,Negar
7187,Negar
7191,Negar
7193,Negar
7194,Negar
7197,Negar
7207,Negar
7209,Negar
7215,Negar
7216,Negar
7219,Negar
7222,Negar
7228,Negar
7231,Negar
7233,Negar
7240,Negar
7241,Negar
7242,Negar
7246,Negar
7254,Negar
7265,Negar
7267,Negar
7271,Negar
7275,Negar
7281,Negar
7286,Negar
7288,Negar
7292,Negar
7295,Negar
7296,Negar
7312,Negar
7313,Negar
7315,Negar
7322,Negar
7327,Negar
7328,Negar
7330,Negar
7331,Negar
7340,Negar
7341,Negar
7344,Negar
7346,Negar
7351,Negar
7352,Negar
7354,Negar
7358,Negar
7359,Negar
7369,Negar
7374,Negar
7375,Negar
7379,Negar
7381,Negar
7386,Negar
7391,Negar
7393,Negar
7395,Negar
7398,Negar
7401,Negar
7405,Negar
7409,Negar
7410,Negar
7419,Negar
7420,Negar
7422,Negar
7425,Negar
7427,Negar
7438,Negar
7447,Negar
7450,Negar
7452,Negar
7456,Negar
7463,Negar
7474,Negar
7480,Negar
7484,Negar
7487,Negar
7490,Negar
7491,Negar
7492,Negar
7495,Negar
7505,Negar
7510,Negar
7512,Negar
7514,Negar
7520,Negar
7522,Negar
7527,Negar
7528,Negar
7532,Negar
7544,Negar
7545,Negar
7547,Negar
7549,Negar
7555,Negar
7556,Negar
7561,Negar
7562,Negar
7565,Negar
7569,Negar
7570,Negar
7571,Negar
7575,Negar
7576,Negar
7577,Negar
7578,Negar
7588,Negar
7596,Negar
7605,Negar
7618,Negar
7623,Negar
7630,Negar
7639,Negar
7642,Negar
7644,Negar
7649,Negar
7651,Negar
7652,Negar
7658,Negar
7668,Negar
7669,Negar
7674,Negar
7675,Negar
7680,Negar
7684,Negar
7687,Negar
7688,Negar
7694,Negar
7695,Negar
7698,Negar
7706,Negar
7711,Negar
7715,Negar
7716,Negar
7722,Negar
7724,Negar
7726,Negar
7731,Negar
7735,Negar
7737,Negar
7759,Negar
7762,Negar
7777,Negar
7778,Negar
7784,Negar
7789,Negar
7790,Negar
7791,Negar
7805,Negar
7806,Negar
7807,Negar
7814,Negar
7828,Negar
7831,Negar
7833,Negar
7834,Negar
7843,Negar
7844,Negar
7849,Negar
7850,Negar
7858,Negar
7859,Negar
7861,Negar
7864,Negar
7868,Negar
7870,Negar
7871,Negar
7876,Negar
7879,Negar
7881,Negar
7892,Negar
7893,Negar
7897,Negar
7899,Negar
7902,Negar
7903,Negar
7905,Negar
7907,Negar
7910,Negar
7917,Negar
7928,Negar
7940,Negar
7942,Negar
7944,Negar
7951,Negar
7957,Negar
7962,Negar
7968,Negar
7971,Negar
7974,Negar
7980,Negar
7981,Negar
7983,Negar
7985,Negar
7988,Negar
7990,Negar
7993,Negar
7994,Negar
7995,Negar
7997,Negar
8000,Negar
8003,Negar
8005,Negar
8007,Negar
8008,Negar
8011,Negar
8018,Negar
8033,Negar
8034,Negar
8039,Negar
8042,Negar
8045,Negar
8051,Negar
8054,Negar
8057,Negar
8059,Negar
8071,Negar
8074,Negar
8079,Negar
8081,Negar
8083,Negar
8088,Negar
8097,Negar
8101,Negar
8104,Negar
8106,Negar
8111,Negar
8121,Negar
8124,Negar
8126,Negar
8131,Negar
8134,Negar
8136,Negar
8151,Negar
8153,Negar
8155,Negar
8156,Negar
8163,Negar
8165,Negar
8173,Negar
8174,Negar
8175,Negar
8176,Negar
8180,Negar
8187,Negar
8190,Negar
8191,Negar
8195,Negar
8196,Negar
8203,Negar
8209,Negar
8213,Negar
8214,Negar
8220,Negar
8221,Negar
8227,Negar
8228,Negar
8229,Negar
8231,Negar
8233,Negar
8235,Negar
8239,Negar
8246,Negar
8259,Negar
8260,Negar
8265,Negar
8267,Negar
8287,Negar
8307,Negar
8309,Negar
8312,Negar
8320,Negar
8321,Negar
8322,Negar
8323,Negar
8326,Negar
8330,Negar
8336,Negar
8339,Negar
8341,Negar
8353,Negar
8357,Negar
8358,Negar
8364,Negar
8379,Negar
8382,Negar
8390,Negar
8393,Negar
8394,Negar
8408,Negar
8416,Negar
8428,Negar
8429,Negar
8430,Negar
8434,Negar
8435,Negar
8436,Negar
8437,Negar
8439,Negar
8443,Negar
8446,Negar
8454,Negar
8462,Negar
8466,Negar
8468,Negar
8473,Negar
8475,Negar
8477,Negar
8478,Negar
8503,Negar
8504,Negar
8506,Negar
8509,Negar
8513,Negar
8520,Negar
8528,Negar
8530,Negar
8534,Negar
8536,Negar
8550,Negar
8552,Negar
8554,Negar
8555,Negar
8556,Negar
8562,Negar
8563,Negar
8565,Negar
8568,Negar
8570,Negar
8572,Negar
8578,Negar
8581,Negar
8587,Negar
8591,Negar
8592,Negar
8593,Negar
8596,Negar
8598,Negar
8600,Negar
8602,Negar
8610,Negar
8617,Negar
8620,Negar
8624,Negar
8633,Negar
8634,Negar
8637,Negar
8647,Negar
8648,Negar
8649,Negar
8653,Negar
8657,Negar
8660,Negar
8663,Negar
8667,Negar
8668,Negar
8670,Negar
8677,Negar
8681,Negar
8685,Negar
8692,Negar
8703,Negar
8706,Negar
8707,Negar
8708,Negar
8712,Negar
8713,Negar
8715,Negar
8717,Negar
8718,Negar
8735,Negar
8738,Negar
8739,Negar
8755,Negar
8756,Negar
8767,Negar
8781,Negar
8783,Negar
8784,Negar
8786,Negar
8788,Negar
8790,Negar
8793,Negar
8796,Negar
8801,Negar
8802,Negar
8805,Negar
8809,Negar
8816,Negar
8821,Negar
8832,Negar
8838,Negar
8839,Negar
8842,Negar
8844,Negar
8854,Negar
8866,Negar
8868,Negar
8885,Negar
8895,Negar
8896,Negar
8897,Negar
8902,Negar
8906,Negar
8907,Negar
8908,Negar
8915,Negar
8916,Negar
8921,Negar
8925,Negar
8928,Negar
8931,Negar
8933,Negar
8942,Negar
8943,Negar
8946,Negar
8947,Negar
8955,Negar
8959,Negar
8965,Negar
8967,Negar
8968,Negar
8981,Negar
8985,Negar
8988,Negar
8990,Negar
8997,Negar
9006,Negar
9008,Negar
9012,Negar
9014,Negar
9018,Negar
9019,Negar
9029,Negar
9032,Negar
9033,Negar
9042,Negar
9043,Negar
9047,Negar
9048,Negar
9063,Negar
9065,Negar
9068,Negar
9075,Negar
9077,Negar
9078,Negar
9079,Negar
9087,Negar
9088,Negar
9092,Negar
9093,Negar
9094,Negar
9095,Negar
9099,Negar
9106,Negar
9107,Negar
9109,Negar
9110,Negar
9111,Negar
9112,Negar
9115,Negar
9123,Negar
9127,Negar
9128,Negar
9131,Negar
9132,Negar
9136,Negar
9139,Negar
9147,Negar
9152,Negar
9154,Negar
9155,Negar
9156,Negar
9161,Negar
9164,Negar
9168,Negar
9173,Negar
9176,Negar
9178,Negar
9180,Negar
9182,Negar
9184,Negar
9185,Negar
9197,Negar
9201,Negar
9204,Negar
9205,Negar
9207,Negar
9208,Negar
9209,Negar
9219,Negar
9224,Negar
9228,Negar
9236,Negar
9260,Negar
9263,Negar
9269,Negar
9274,Negar
9275,Negar
9284,Negar
9300,Negar
9311,Negar
9313,Negar
9324,Negar
9325,Negar
9326,Negar
9329,Negar
9332,Negar
9334,Negar
9336,Negar
9338,Negar
9340,Negar
9347,Negar
9348,Negar
9349,Negar
9353,Negar
9359,Negar
9362,Negar
9370,Negar
9375,Negar
9383,Negar
9398,Negar
9399,Negar
9401,Negar
9410,Negar
9425,Negar
9434,Negar
9436,Negar
9438,Negar
9440,Negar
9443,Negar
9445,Negar
9447,Negar
9455,Negar
9462,Negar
9466,Negar
9468,Negar
9473,Negar
9475,Negar
9477,Negar
9478,Negar
9493,Negar
9497,Negar
9500,Negar
9504,Negar
9505,Negar
9507,Negar
9509,Negar
9511,Negar
9517,Negar
9519,Negar
9520,Negar
9522,Negar
9525,Negar
9528,Negar
9529,Negar
9540,Negar
9541,Negar
9548,Negar
9551,Negar
9556,Negar
9557,Negar
9558,Negar
9561,Negar
9562,Negar
9577,Negar
9580,Negar
9581,Negar
9588,Negar
9589,Negar
9597,Negar
9601,Negar
9611,Negar
9615,Negar
9616,Negar
9632,Negar
9634,Negar
9638,Negar
9646,Negar
9651,Negar
9652,Negar
9655,Negar
9656,Negar
9663,Negar
9668,Negar
9671,Negar
9679,Negar
9686,Negar
9687,Negar
9688,Negar
9693,Negar
9701,Negar
9709,Negar
9711,Negar
9716,Negar
9720,Negar
9722,Negar
9733,Negar
9739,Negar
9740,Negar
9753,Negar
9760,Negar
9761,Negar
9763,Negar
9766,Negar
9767,Negar
9769,Negar
9770,Negar
9772,Negar
9777,Negar
9778,Negar
9789,Negar
9790,Negar
9794,Negar
9796,Negar
9802,Negar
9806,Negar
9817,Negar
9818,Negar
9824,Negar
9828,Negar
9829,Negar
9830,Negar
9832,Negar
9833,Negar
9840,Negar
9848,Negar
9849,Negar
9853,Negar
9861,Negar
9865,Negar
9866,Negar
9867,Negar
9873,Negar
9874,Negar
9875,Negar
9876,Negar
9880,Negar
9881,Negar
9883,Negar
9885,Negar
9889,Negar
9901,Negar
9904,Negar
9906,Negar
9908,Negar
9909,Negar
9912,Negar
9915,Negar
9917,Negar
9918,Negar
9926,Negar
9946,Negar
9950,Negar
9951,Negar
9957,Negar
9959,Negar
9960,Negar
9964,Negar
9973,Negar
9978,Negar
9985,Negar
9987,Negar
9990,Negar
9992,Negar
9997,Negar
9999,Negar
10002,Negar
10003,Negar
10012,Negar
10016,Negar
10017,Negar
10020,Negar
10027,Negar
10031,Negar
10035,Negar
10036,Negar
10037,Negar
10038,Negar
10041,Negar
10042,Negar
10047,Negar
10048,Negar
10049,Negar
10050,Negar
10056,Negar
10060,Negar
10061,Negar
10064,Negar
10092,Negar
10093,Negar
10094,Negar
10107,Negar
10109,Negar
10113,Negar
10124,Negar
10129,Negar
10137,Negar
10140,Negar
10148,Negar
10151,Negar
10161,Negar
10162,Negar
10168,Negar
10170,Negar
10174,Negar
10175,Negar
10177,Negar
10178,Negar
10182,Negar
10186,Negar
10189,Negar
10198,Negar
10205,Negar
10206,Negar
10210,Negar
10211,Negar
10223,Negar
10225,Negar
10226,Negar
10228,Negar
10231,Negar
10232,Negar
10233,Negar
10234,Negar
10239,Negar
10245,Negar
10247,Negar
10248,Negar
10249,Negar
10251,Negar
10253,Negar
10254,Negar
10258,Negar
10262,Negar
10263,Negar
10268,Negar
10269,Negar
10273,Negar
10274,Negar
10275,Negar
10277,Negar
10282,Negar
10291,Negar
10301,Negar
10302,Negar
10303,Negar
10309,Negar
10315,Negar
10321,Negar
10322,Negar
10327,Negar
10335,Negar
10338,Negar
10340,Negar
10343,Negar
10344,Negar
10345,Negar
10348,Negar
10349,Negar
10351,Negar
10353,Negar
10354,Negar
10355,Negar
10358,Negar
10362,Negar
10368,Negar
10381,Negar
10396,Negar
10397,Negar
10405,Negar
10407,Negar
10410,Negar
10412,Negar
10422,Negar
10424,Negar
10427,Negar
10430,Negar
10433,Negar
10434,Negar
10446,Negar
10447,Negar
10454,Negar
10455,Negar
10458,Negar
10463,Negar
10469,Negar
10471,Negar
10479,Negar
10487,Negar
10489,Negar
10491,Negar
10493,Negar
10505,Negar
10507,Negar
10508,Negar
10515,Negar
10517,Negar
10519,Negar
10525,Negar
10528,Negar
10536,Negar
10542,Negar
10551,Negar
10555,Negar
10556,Negar
10558,Negar
10569,Negar
10571,Negar
10575,Negar
10578,Negar
10579,Negar
10584,Negar
10589,Negar
10590,Negar
10594,Negar
10599,Negar
10612,Negar
10616,Negar
10617,Negar
10624,Negar
10626,Negar
10628,Negar
10633,Negar
10637,Negar
10640,Negar
10641,Negar
10642,Negar
10648,Negar
10654,Negar
10658,Negar
10672,Negar
10673,Negar
10675,Negar
10678,Negar
10682,Negar
10683,Negar
10686,Negar
10688,Negar
10698,Negar
10699,Negar
10700,Negar
10701,Negar
10706,Negar
10707,Negar
10711,Negar
10713,Negar
10717,Negar
10723,Negar
10726,Negar
10729,Negar
10730,Negar
10731,Negar
10739,Negar
10742,Negar
10743,Negar
10746,Negar
10749,Negar
10756,Negar
10758,Negar
10770,Negar
10775,Negar
10780,Negar
10782,Negar
10786,Negar
10788,Negar
10790,Negar
10794,Negar
10801,Negar
10805,Negar
10806,Negar
10808,Negar
10809,Negar
10814,Negar
10817,Negar
10818,Negar
10819,Negar
10827,Negar
10836,Negar
10842,Negar
10846,Negar
10850,Negar
10853,Negar
10863,Negar
10867,Negar
10868,Negar
10882,Negar
10883,Negar
10894,Negar
10897,Negar
10902,Negar
10907,Negar
10910,Negar
10917,Negar
10922,Negar
10923,Negar
10928,Negar
10944,Negar
10949,Negar
10954,Negar
10955,Negar
10958,Negar
10959,Negar
10966,Negar
10967,Negar
10970,Negar
10972,Negar
10976,Negar
10983,Negar
10996,Negar
10998,Negar
10999,Negar
11001,Negar
11002,Negar
11004,Negar
11009,Negar
11013,Negar
11014,Negar
11017,Negar
11023,Negar
11024,Negar
11027,Negar
11037,Negar
11042,Negar
11045,Negar
11046,Negar
11047,Negar
11054,Negar
11057,Negar
11063,Negar
11066,Negar
11072,Negar
11077,Negar
11081,Negar
11089,Negar
11094,Negar
11097,Negar
11105,Negar
11112,Negar
11120,Negar
11121,Negar
11126,Negar
11128,Negar
11130,Negar
11131,Negar
11140,Negar
11142,Negar
11148,Negar
11149,Negar
11151,Negar
11152,Negar
11154,Negar
11158,Negar
11160,Negar
11170,Negar
11175,Negar
11176,Negar
11182,Negar
11186,Negar
11187,Negar
11191,Negar
11192,Negar
11198,Negar
11207,Negar
11210,Negar
11212,Negar
11214,Negar
11217,Negar
11220,Negar
11224,Negar
11225,Negar
11230,Negar
11240,Negar
11241,Negar
11242,Negar
11247,Negar
11249,Negar
11252,Negar
11253,Negar
11254,Negar
11255,Negar
11260,Negar
11261,Negar
11262,Negar
11268,Negar
11269,Negar
11272,Negar
11280,Negar
11285,Negar
11297,Negar
11298,Negar
11303,Negar
11306,Negar
11310,Negar
11311,Negar
11313,Negar
11315,Negar
11318,Negar
11320,Negar
11321,Negar
11325,Negar
11329,Negar
11331,Negar
11333,Negar
11336,Negar
11339,Negar
11345,Negar
11352,Negar
11358,Negar
11363,Negar
11364,Negar
11366,Negar
11368,Negar
11376,Negar
11382,Negar
11384,Negar
11385,Negar
11389,Negar
11395,Negar
11396,Negar
11405,Negar
11409,Negar
11412,Negar
11415,Negar
11420,Negar
11427,Negar
11428,Negar
11429,Negar
11435,Negar
11443,Negar
11444,Negar
11448,Negar
11453,Negar
11454,Negar
11459,Negar
11465,Negar
11470,Negar
11471,Negar
11473,Negar
11476,Negar
11477,Negar
11480,Negar
11483,Negar
11487,Negar
11489,Negar
11494,Negar
11495,Negar
11502,Negar
11507,Negar
11508,Negar
11517,Negar
11519,Negar
11521,Negar
11524,Negar
11526,Negar
11528,Negar
11531,Negar
11535,Negar
11536,Negar
11541,Negar
11545,Negar
11549,Negar
11556,Negar
11560,Negar
11562,Negar
11570,Negar
11571,Negar
11575,Negar
11577,Negar
11583,Negar
11589,Negar
11590,Negar
11593,Negar
11600,Negar
11610,Negar
11620,Negar
11621,Negar
11622,Negar
11623,Negar
11626,Negar
11627,Negar
11628,Negar
11630,Negar
11633,Negar
11635,Negar
11637,Negar
11638,Negar
11650,Negar
11652,Negar
11653,Negar
11654,Negar
11655,Negar
11656,Negar
11657,Negar
11658,Negar
11662,Negar
11663,Negar
11664,Negar
11667,Negar
11673,Negar
11682,Negar
11684,Negar
11685,Negar
11691,Negar
11694,Negar
11697,Negar
11698,Negar
11702,Negar
11705,Negar
11715,Negar
11719,Negar
11720,Negar
11728,Negar
11729,Negar
11730,Negar
11737,Negar
11739,Negar
11741,Negar
11752,Negar
11753,Negar
11755,Negar
11763,Negar
11765,Negar
11770,Negar
11771,Negar
11772,Negar
11775,Negar
11776,Negar
11777,Negar
11778,Negar
11780,Negar
11785,Negar
11788,Negar
11791,Negar
11796,Negar
11798,Negar
11806,Negar
11808,Negar
11814,Negar
11815,Negar
11818,Negar
11819,Negar
11825,Negar
11828,Negar
11831,Negar
11835,Negar
11836,Negar
11838,Negar
11848,Negar
11852,Negar
11854,Negar
11857,Negar
11858,Negar
11868,Negar
11874,Negar
11877,Negar
11879,Negar
11890,Negar
11894,Negar
11898,Negar
11905,Negar
11914,Negar
11916,Negar
11923,Negar
11929,Negar
11930,Negar
11931,Negar
11932,Negar
11936,Negar
11938,Negar
11939,Negar
11943,Negar
11946,Negar
11948,Negar
11952,Negar
11953,Negar
11956,Negar
11962,Negar
11965,Negar
11967,Negar
11970,Negar
11974,Negar
11979,Negar
11984,Negar
11985,Negar
11990,Negar
11991,Negar
11994,Negar
12003,Negar
12020,Negar
12032,Negar
12034,Negar
12035,Negar
12040,Negar
12041,Negar
12042,Negar
12045,Negar
12052,Negar
12055,Negar
12058,Negar
12066,Negar
12069,Negar
12070,Negar
12071,Negar
12074,Negar
12077,Negar
12078,Negar
12083,Negar
12085,Negar
12089,Negar
12093,Negar
12095,Negar
12100,Negar
12116,Negar
12121,Negar
12130,Negar
12133,Negar
12146,Negar
12148,Negar
12150,Negar
12155,Negar
12156,Negar
12158,Negar
12161,Negar
12167,Negar
12169,Negar
12171,Negar
12181,Negar
12184,Negar
12186,Negar
12188,Negar
12192,Negar
12194,Negar
12197,Negar
12198,Negar
12199,Negar
12200,Negar
12207,Negar
12209,Negar
12217,Negar
12221,Negar
12222,Negar
12227,Negar
12231,Negar
12234,Negar
12238,Negar
12245,Negar
12246,Negar
12247,Negar
12253,Negar
12254,Negar
12264,Negar
12268,Negar
12269,Negar
12275,Negar
12277,Negar
12289,Negar
12297,Negar
12302,Negar
12308,Negar
12310,Negar
12312,Negar
12313,Negar
12314,Negar
12317,Negar
12320,Negar
12327,Negar
12337,Negar
12339,Negar
12349,Negar
12353,Negar
12355,Negar
12363,Negar
12367,Negar
12369,Negar
12377,Negar
12386,Negar
12394,Negar
12410,Negar
12411,Negar
12414,Negar
12416,Negar
12417,Negar
12419,Negar
12429,Negar
12433,Negar
12436,Negar
12437,Negar
12439,Negar
12440,Negar
12444,Negar
12445,Negar
12455,Negar
12462,Negar
12470,Negar
12471,Negar
12474,Negar
12476,Negar
12477,Negar
12478,Negar
12479,Negar
12481,Negar
12482,Negar
12484,Negar
12487,Negar
12489,Negar
12495,Negar
12498,Negar
